Admission Number,Full Name,Class Standard,Class Section,Gender,Father Name,Mother Name,Email,Mobile1,Mobile2,Mobile3,Mobile4,Mobile5,DOB,Morning Bus Route,Evening Bus Route
2,keshav1,8,A,Male,xyz,xyz,123@gmail.com,9999999999,,,,,01-02-1991,403,405
3,keshav2,8,A,Male,xyz,xyz,124@gmail.com,9999999999,,,,,01-02-1991,403,405
4,keshav3,8,A,Male,xyz,xyz,125@gmail.com,9999999999,,,,,01-02-1991,403,405
5,keshav4,8,A,Male,xyz,xyz,126@gmail.com,9999999999,,,,,01-02-1991,403,405
6,keshav5,8,A,Male,xyz,xyz,127@gmail.com,9999999999,,,,,01-02-1991,403,405
7,keshav6,8,A,Male,xyz,xyz,128@gmail.com,9999999999,,,,,01-02-1991,403,405
8,keshav7,8,A,Female,xyz,xyz,129@gmail.com,9999999999,,,,,01-02-1991,409,405
9,keshav8,8,A,Female,xyz,xyz,130@gmail.com,9999999999,,,,,01-02-1991,409,405
10,keshav9,8,A,Female,xyz,xyz,167@gmail.com,9999999999,,,,,01-02-1991,409,405
11,keshav10,8,A,Female,xyz,xyz,167@gmail.com,9999999999,,,,,01-03-1991,409,405
12,keshav11,8,A,Female,xyz,xyz,167@gmail.com,9999999999,,,,,01-04-1991,409,405
13,keshav12,8,A,Female,xyz,xyz,167@gmail.com,9999999999,,,,,01-05-1991,409,405
14,keshav13,8,A,Female,xyz,xyz,167@gmail.com,9999999999,,,,,01-06-1991,409,405
15,keshav14,8,A,Female,xyz,xyz,167@gmail.com,9999999999,,,,,01-07-1991,409,405
16,keshav15,8,A,Female,xyz,xyz,167@gmail.com,9999999999,,,,,01-08-1991,409,405
17,keshav16,8,A,Female,xyz,xyz,167@gmail.com,9999999999,,,,,01-09-1991,409,405
18,keshav17,8,A,Female,xyz,xyz,167@gmail.com,9999999999,,,,,01-10-1991,409,405
19,keshav18,8,A,Female,xyz,xyz,167@gmail.com,9999999999,,,,,01-11-1991,409,405
20,keshav19,8,A,Female,xyz,xyz,167@gmail.com,9999999999,,,,,01-12-1991,409,405
21,keshav20,8,A,Female,xyz,xyz,167@gmail.com,9999999999,,,,,1/13/1991,409,405
22,keshav21,8,A,Female,xyz,xyz,167@gmail.com,9999999999,,,,,1/14/1991,409,405
23,keshav22,8,A,Female,xyz,xyz,167@gmail.com,9999999999,,,,,1/15/1991,409,405
24,keshav23,8,A,Female,xyz,xyz,167@gmail.com,9999999999,,,,,1/16/1991,409,405
25,keshav24,8,A,Female,xyz,xyz,167@gmail.com,9999999999,,,,,1/17/1991,409,405
26,keshav25,8,A,Female,xyz,xyz,167@gmail.com,9999999999,,,,,1/18/1991,409,405
27,keshav26,8,A,Female,xyz,xyz,167@gmail.com,9999999999,,,,,1/19/1991,409,405
28,keshav27,8,A,Female,xyz,xyz,167@gmail.com,9999999999,,,,,1/20/1991,409,405
29,keshav28,8,A,Female,xyz,xyz,167@gmail.com,9999999999,,,,,1/21/1991,409,405
30,keshav29,8,A,Female,xyz,xyz,167@gmail.com,9999999999,,,,,1/22/1991,409,405
31,keshav30,8,A,Female,xyz,xyz,167@gmail.com,9999999999,,,,,1/23/1991,409,405
32,keshav31,8,A,Female,xyz,xyz,167@gmail.com,9999999999,,,,,1/24/1991,409,405
33,keshav32,8,A,Female,xyz,xyz,167@gmail.com,9999999999,,,,,1/25/1991,409,405
34,keshav33,8,A,Female,xyz,xyz,167@gmail.com,9999999999,,,,,1/26/1991,409,405
35,keshav34,8,A,Female,xyz,xyz,167@gmail.com,9999999999,,,,,1/27/1991,409,405
36,keshav35,8,A,Female,xyz,xyz,167@gmail.com,9999999999,,,,,1/28/1991,409,405
37,keshav36,8,A,Female,xyz,xyz,167@gmail.com,9999999999,,,,,1/29/1991,409,405
38,keshav37,8,A,Female,xyz,xyz,167@gmail.com,9999999999,,,,,1/30/1991,409,405
39,keshav38,8,A,Female,xyz,xyz,167@gmail.com,9999999999,,,,,1/31/1991,409,405
40,keshav39,8,A,Female,xyz,xyz,167@gmail.com,9999999999,,,,,02-01-1991,409,405
41,keshav40,8,A,Female,xyz,xyz,167@gmail.com,9999999999,,,,,02-02-1991,409,405
42,keshav41,8,A,Female,xyz,xyz,167@gmail.com,9999999999,,,,,02-03-1991,409,405
43,keshav42,8,A,Female,xyz,xyz,167@gmail.com,9999999999,,,,,02-04-1991,409,405
44,keshav43,8,A,Female,xyz,xyz,167@gmail.com,9999999999,,,,,02-05-1991,409,405
45,keshav44,8,A,Female,xyz,xyz,167@gmail.com,9999999999,,,,,02-06-1991,409,405
46,keshav45,8,A,Female,xyz,xyz,167@gmail.com,9999999999,,,,,02-07-1991,409,405
47,keshav46,8,A,Female,xyz,xyz,167@gmail.com,9999999999,,,,,02-08-1991,409,405
48,keshav47,8,A,Female,xyz,xyz,167@gmail.com,9999999999,,,,,02-09-1991,409,405
49,keshav48,8,A,Female,xyz,xyz,167@gmail.com,9999999999,,,,,02-10-1991,409,405
50,keshav49,8,A,Female,xyz,xyz,167@gmail.com,9999999999,,,,,02-11-1991,409,405
51,keshav50,8,A,Female,xyz,xyz,167@gmail.com,9999999999,,,,,02-12-1991,409,405
52,keshav51,8,A,Female,xyz,xyz,167@gmail.com,9999999999,,,,,2/13/1991,409,405
53,keshav52,8,A,Female,xyz,xyz,167@gmail.com,9999999999,,,,,2/14/1991,409,405
54,keshav53,8,A,Female,xyz,xyz,167@gmail.com,9999999999,,,,,2/15/1991,409,405
55,keshav54,8,A,Female,xyz,xyz,167@gmail.com,9999999999,,,,,2/16/1991,409,405
56,keshav55,8,A,Female,xyz,xyz,167@gmail.com,9999999999,,,,,2/17/1991,409,405
57,keshav56,8,A,Female,xyz,xyz,167@gmail.com,9999999999,,,,,2/18/1991,409,405
58,keshav57,8,A,Female,xyz,xyz,167@gmail.com,9999999999,,,,,2/19/1991,409,405
59,keshav58,8,A,Female,xyz,xyz,167@gmail.com,9999999999,,,,,2/20/1991,409,405
60,keshav59,8,A,Female,xyz,xyz,167@gmail.com,9999999999,,,,,2/21/1991,409,405
61,keshav60,8,A,Female,xyz,xyz,167@gmail.com,9999999999,,,,,2/22/1991,409,405
62,keshav61,8,A,Female,xyz,xyz,167@gmail.com,9999999999,,,,,2/23/1991,409,405
63,keshav62,8,A,Female,xyz,xyz,167@gmail.com,9999999999,,,,,2/24/1991,409,405
64,keshav63,8,A,Female,xyz,xyz,167@gmail.com,9999999999,,,,,2/25/1991,409,405
65,keshav64,8,A,Female,xyz,xyz,167@gmail.com,9999999999,,,,,2/26/1991,409,405
66,keshav65,8,A,Female,xyz,xyz,167@gmail.com,9999999999,,,,,2/27/1991,409,405
67,keshav66,8,A,Female,xyz,xyz,167@gmail.com,9999999999,,,,,2/28/1991,409,405
68,keshav67,8,A,Female,xyz,xyz,167@gmail.com,9999999999,,,,,03-01-1991,409,405
69,keshav68,8,A,Female,xyz,xyz,167@gmail.com,9999999999,,,,,03-02-1991,409,405
70,keshav69,8,A,Female,xyz,xyz,167@gmail.com,9999999999,,,,,03-03-1991,409,405
71,keshav70,8,A,Female,xyz,xyz,167@gmail.com,9999999999,,,,,03-04-1991,409,405
72,keshav71,8,A,Female,xyz,xyz,167@gmail.com,9999999999,,,,,03-05-1991,409,405
73,keshav72,8,A,Female,xyz,xyz,167@gmail.com,9999999999,,,,,03-06-1991,409,405
74,keshav73,8,A,Female,xyz,xyz,167@gmail.com,9999999999,,,,,03-07-1991,409,405
75,keshav74,8,A,Female,xyz,xyz,167@gmail.com,9999999999,,,,,03-08-1991,409,405
76,keshav75,8,A,Female,xyz,xyz,167@gmail.com,9999999999,,,,,03-09-1991,409,405
77,keshav76,8,A,Female,xyz,xyz,167@gmail.com,9999999999,,,,,03-10-1991,409,405
78,keshav77,8,A,Female,xyz,xyz,167@gmail.com,9999999999,,,,,03-11-1991,409,405
79,keshav78,8,A,Female,xyz,xyz,167@gmail.com,9999999999,,,,,03-12-1991,409,405
80,keshav79,8,A,Female,xyz,xyz,167@gmail.com,9999999999,,,,,3/13/1991,409,405
81,keshav80,8,A,Female,xyz,xyz,167@gmail.com,9999999999,,,,,3/14/1991,409,405
82,keshav81,8,A,Female,xyz,xyz,167@gmail.com,9999999999,,,,,3/15/1991,409,405
83,keshav82,8,A,Female,xyz,xyz,167@gmail.com,9999999999,,,,,3/16/1991,409,405
84,keshav83,8,A,Female,xyz,xyz,167@gmail.com,9999999999,,,,,3/17/1991,409,405
85,keshav84,8,A,Female,xyz,xyz,167@gmail.com,9999999999,,,,,3/18/1991,409,405
86,keshav85,8,A,Female,xyz,xyz,167@gmail.com,9999999999,,,,,3/19/1991,409,405
87,keshav86,8,A,Female,xyz,xyz,167@gmail.com,9999999999,,,,,3/20/1991,409,405
88,keshav87,8,A,Female,xyz,xyz,167@gmail.com,9999999999,,,,,3/21/1991,409,405
89,keshav88,8,A,Female,xyz,xyz,167@gmail.com,9999999999,,,,,3/22/1991,409,405
90,keshav89,8,A,Female,xyz,xyz,167@gmail.com,9999999999,,,,,3/23/1991,409,405
91,keshav90,8,A,Female,xyz,xyz,167@gmail.com,9999999999,,,,,3/24/1991,409,405
92,keshav91,8,A,Female,xyz,xyz,167@gmail.com,9999999999,,,,,3/25/1991,409,405
93,keshav92,8,A,Female,xyz,xyz,167@gmail.com,9999999999,,,,,3/26/1991,409,405
94,keshav93,8,A,Female,xyz,xyz,167@gmail.com,9999999999,,,,,3/27/1991,409,405
95,keshav94,8,A,Female,xyz,xyz,167@gmail.com,9999999999,,,,,3/28/1991,409,405
96,keshav95,8,A,Female,xyz,xyz,167@gmail.com,9999999999,,,,,3/29/1991,409,405
97,keshav96,8,A,Female,xyz,xyz,167@gmail.com,9999999999,,,,,3/30/1991,409,405
98,keshav97,8,A,Female,xyz,xyz,167@gmail.com,9999999999,,,,,3/31/1991,409,405
99,keshav98,8,A,Female,xyz,xyz,167@gmail.com,9999999999,,,,,04-01-1991,409,405
100,keshav99,8,A,Female,xyz,xyz,167@gmail.com,9999999999,,,,,04-02-1991,409,405
101,keshav100,8,A,Female,xyz,xyz,167@gmail.com,9999999999,,,,,04-03-1991,409,405
102,keshav101,8,A,Female,xyz,xyz,167@gmail.com,9999999999,,,,,04-04-1991,409,405
103,keshav102,8,A,Female,xyz,xyz,167@gmail.com,9999999999,,,,,04-05-1991,409,405
104,keshav103,8,A,Female,xyz,xyz,167@gmail.com,9999999999,,,,,04-06-1991,409,405
105,keshav104,8,A,Female,xyz,xyz,167@gmail.com,9999999999,,,,,04-07-1991,409,405
106,keshav105,8,A,Female,xyz,xyz,167@gmail.com,9999999999,,,,,04-08-1991,409,405
107,keshav106,8,A,Female,xyz,xyz,167@gmail.com,9999999999,,,,,04-09-1991,409,405
108,keshav107,8,A,Female,xyz,xyz,167@gmail.com,9999999999,,,,,04-10-1991,409,405
109,keshav108,8,A,Female,xyz,xyz,167@gmail.com,9999999999,,,,,04-11-1991,409,405
110,keshav109,8,A,Female,xyz,xyz,167@gmail.com,9999999999,,,,,04-12-1991,409,405
111,keshav110,8,A,Female,xyz,xyz,167@gmail.com,9999999999,,,,,4/13/1991,409,405
112,keshav111,8,A,Female,xyz,xyz,167@gmail.com,9999999999,,,,,4/14/1991,409,405
113,keshav112,8,A,Female,xyz,xyz,167@gmail.com,9999999999,,,,,4/15/1991,409,405
114,keshav113,8,A,Female,xyz,xyz,167@gmail.com,9999999999,,,,,4/16/1991,409,405
115,keshav114,8,A,Female,xyz,xyz,167@gmail.com,9999999999,,,,,4/17/1991,409,405
116,keshav115,8,A,Female,xyz,xyz,167@gmail.com,9999999999,,,,,4/18/1991,409,405
117,keshav116,8,A,Female,xyz,xyz,167@gmail.com,9999999999,,,,,4/19/1991,409,405
118,keshav117,8,A,Female,xyz,xyz,167@gmail.com,9999999999,,,,,4/20/1991,409,405
119,keshav118,8,A,Female,xyz,xyz,167@gmail.com,9999999999,,,,,4/21/1991,409,405
120,keshav119,8,A,Female,xyz,xyz,167@gmail.com,9999999999,,,,,4/22/1991,409,405
121,keshav120,8,A,Female,xyz,xyz,167@gmail.com,9999999999,,,,,4/23/1991,409,405
122,keshav121,8,A,Female,xyz,xyz,167@gmail.com,9999999999,,,,,4/24/1991,409,405
123,keshav122,8,A,Female,xyz,xyz,167@gmail.com,9999999999,,,,,4/25/1991,409,405
124,keshav123,8,A,Female,xyz,xyz,167@gmail.com,9999999999,,,,,4/26/1991,409,405
125,keshav124,8,A,Female,xyz,xyz,167@gmail.com,9999999999,,,,,4/27/1991,409,405
126,keshav125,8,A,Female,xyz,xyz,167@gmail.com,9999999999,,,,,4/28/1991,409,405
127,keshav126,8,A,Female,xyz,xyz,167@gmail.com,9999999999,,,,,4/29/1991,409,405
128,keshav127,8,A,Female,xyz,xyz,167@gmail.com,9999999999,,,,,4/30/1991,409,405
129,keshav128,8,A,Female,xyz,xyz,167@gmail.com,9999999999,,,,,05-01-1991,409,405
130,keshav129,8,A,Female,xyz,xyz,167@gmail.com,9999999999,,,,,05-02-1991,409,405
131,keshav130,8,A,Female,xyz,xyz,167@gmail.com,9999999999,,,,,05-03-1991,409,405
132,keshav131,8,A,Female,xyz,xyz,167@gmail.com,9999999999,,,,,05-04-1991,409,405
133,keshav132,8,A,Female,xyz,xyz,167@gmail.com,9999999999,,,,,05-05-1991,409,405
134,keshav133,8,A,Female,xyz,xyz,167@gmail.com,9999999999,,,,,05-06-1991,409,405
135,keshav134,8,A,Female,xyz,xyz,167@gmail.com,9999999999,,,,,05-07-1991,409,405
136,keshav135,8,A,Female,xyz,xyz,167@gmail.com,9999999999,,,,,05-08-1991,409,405
137,keshav136,8,A,Female,xyz,xyz,167@gmail.com,9999999999,,,,,05-09-1991,409,405
138,keshav137,8,A,Female,xyz,xyz,167@gmail.com,9999999999,,,,,05-10-1991,409,405
139,keshav138,8,A,Female,xyz,xyz,167@gmail.com,9999999999,,,,,05-11-1991,409,405
140,keshav139,8,A,Female,xyz,xyz,167@gmail.com,9999999999,,,,,05-12-1991,409,405
141,keshav140,8,A,Female,xyz,xyz,167@gmail.com,9999999999,,,,,5/13/1991,409,405
142,keshav141,8,A,Female,xyz,xyz,167@gmail.com,9999999999,,,,,5/14/1991,409,405
143,keshav142,8,A,Female,xyz,xyz,167@gmail.com,9999999999,,,,,5/15/1991,409,405
144,keshav143,8,A,Female,xyz,xyz,167@gmail.com,9999999999,,,,,5/16/1991,409,405
145,keshav144,8,A,Female,xyz,xyz,167@gmail.com,9999999999,,,,,5/17/1991,409,405
146,keshav145,8,A,Female,xyz,xyz,167@gmail.com,9999999999,,,,,5/18/1991,409,405
147,keshav146,8,A,Female,xyz,xyz,167@gmail.com,9999999999,,,,,5/19/1991,409,405
148,keshav147,8,A,Female,xyz,xyz,167@gmail.com,9999999999,,,,,5/20/1991,409,405
149,keshav148,8,A,Female,xyz,xyz,167@gmail.com,9999999999,,,,,5/21/1991,409,405
150,keshav149,8,A,Female,xyz,xyz,167@gmail.com,9999999999,,,,,5/22/1991,409,405
151,keshav150,8,A,Female,xyz,xyz,167@gmail.com,9999999999,,,,,5/23/1991,409,405
152,keshav151,8,A,Female,xyz,xyz,167@gmail.com,9999999999,,,,,5/24/1991,409,405
153,keshav152,8,A,Female,xyz,xyz,167@gmail.com,9999999999,,,,,5/25/1991,409,405
154,keshav153,8,A,Female,xyz,xyz,167@gmail.com,9999999999,,,,,5/26/1991,409,405
155,keshav154,8,A,Female,xyz,xyz,167@gmail.com,9999999999,,,,,5/27/1991,409,405
156,keshav155,8,A,Female,xyz,xyz,167@gmail.com,9999999999,,,,,5/28/1991,409,405
157,keshav156,8,A,Female,xyz,xyz,167@gmail.com,9999999999,,,,,5/29/1991,409,405
158,keshav157,8,A,Female,xyz,xyz,167@gmail.com,9999999999,,,,,5/30/1991,409,405
159,keshav158,8,A,Female,xyz,xyz,167@gmail.com,9999999999,,,,,5/31/1991,409,405
160,keshav159,8,A,Female,xyz,xyz,167@gmail.com,9999999999,,,,,06-01-1991,409,405
161,keshav160,8,A,Female,xyz,xyz,167@gmail.com,9999999999,,,,,06-02-1991,409,405
162,keshav161,8,A,Female,xyz,xyz,167@gmail.com,9999999999,,,,,06-03-1991,409,405
163,keshav162,8,A,Female,xyz,xyz,167@gmail.com,9999999999,,,,,06-04-1991,409,405
164,keshav163,8,A,Female,xyz,xyz,167@gmail.com,9999999999,,,,,06-05-1991,409,405
165,keshav164,8,A,Female,xyz,xyz,167@gmail.com,9999999999,,,,,06-06-1991,409,405
166,keshav165,8,A,Female,xyz,xyz,167@gmail.com,9999999999,,,,,06-07-1991,409,405
167,keshav166,8,A,Female,xyz,xyz,167@gmail.com,9999999999,,,,,06-08-1991,409,405
168,keshav167,8,A,Female,xyz,xyz,167@gmail.com,9999999999,,,,,06-09-1991,409,405
169,keshav168,8,A,Female,xyz,xyz,167@gmail.com,9999999999,,,,,06-10-1991,409,405
170,keshav169,8,A,Female,xyz,xyz,167@gmail.com,9999999999,,,,,06-11-1991,409,405
171,keshav170,8,A,Female,xyz,xyz,167@gmail.com,9999999999,,,,,06-12-1991,409,405
172,keshav171,8,A,Female,xyz,xyz,167@gmail.com,9999999999,,,,,6/13/1991,409,405
173,keshav172,8,A,Female,xyz,xyz,167@gmail.com,9999999999,,,,,6/14/1991,409,405
174,keshav173,8,A,Female,xyz,xyz,167@gmail.com,9999999999,,,,,6/15/1991,409,405
175,keshav174,8,A,Female,xyz,xyz,167@gmail.com,9999999999,,,,,6/16/1991,409,405
176,keshav175,8,A,Female,xyz,xyz,167@gmail.com,9999999999,,,,,6/17/1991,409,405
177,keshav176,8,A,Female,xyz,xyz,167@gmail.com,9999999999,,,,,6/18/1991,409,405
178,keshav177,8,A,Female,xyz,xyz,167@gmail.com,9999999999,,,,,6/19/1991,409,405
179,keshav178,8,A,Female,xyz,xyz,167@gmail.com,9999999999,,,,,6/20/1991,409,405
180,keshav179,8,A,Female,xyz,xyz,167@gmail.com,9999999999,,,,,6/21/1991,409,405
181,keshav180,8,A,Female,xyz,xyz,167@gmail.com,9999999999,,,,,6/22/1991,409,405
182,keshav181,8,A,Female,xyz,xyz,167@gmail.com,9999999999,,,,,6/23/1991,409,405
183,keshav182,8,A,Female,xyz,xyz,167@gmail.com,9999999999,,,,,6/24/1991,409,405
184,keshav183,8,A,Female,xyz,xyz,167@gmail.com,9999999999,,,,,6/25/1991,409,405
185,keshav184,8,A,Female,xyz,xyz,167@gmail.com,9999999999,,,,,6/26/1991,409,405
186,keshav185,8,A,Female,xyz,xyz,167@gmail.com,9999999999,,,,,6/27/1991,409,405
187,keshav186,8,A,Female,xyz,xyz,167@gmail.com,9999999999,,,,,6/28/1991,409,405
188,keshav187,8,A,Female,xyz,xyz,167@gmail.com,9999999999,,,,,6/29/1991,409,405
189,keshav188,8,A,Female,xyz,xyz,167@gmail.com,9999999999,,,,,6/30/1991,409,405
190,keshav189,8,A,Female,xyz,xyz,167@gmail.com,9999999999,,,,,07-01-1991,409,405
191,keshav190,8,A,Female,xyz,xyz,167@gmail.com,9999999999,,,,,07-02-1991,409,405
192,keshav191,8,A,Female,xyz,xyz,167@gmail.com,9999999999,,,,,07-03-1991,409,405
193,keshav192,8,A,Female,xyz,xyz,167@gmail.com,9999999999,,,,,07-04-1991,409,405
194,keshav193,8,A,Female,xyz,xyz,167@gmail.com,9999999999,,,,,07-05-1991,409,405
195,keshav194,8,A,Female,xyz,xyz,167@gmail.com,9999999999,,,,,07-06-1991,409,405
196,keshav195,8,A,Female,xyz,xyz,167@gmail.com,9999999999,,,,,07-07-1991,409,405
197,keshav196,8,A,Female,xyz,xyz,167@gmail.com,9999999999,,,,,07-08-1991,409,405
198,keshav197,8,A,Female,xyz,xyz,167@gmail.com,9999999999,,,,,07-09-1991,409,405
199,keshav198,8,A,Female,xyz,xyz,167@gmail.com,9999999999,,,,,07-10-1991,409,405
200,keshav199,8,A,Female,xyz,xyz,167@gmail.com,9999999999,,,,,07-11-1991,409,405
201,keshav200,8,A,Female,xyz,xyz,167@gmail.com,9999999999,,,,,07-12-1991,409,405
202,keshav201,8,A,Female,xyz,xyz,167@gmail.com,9999999999,,,,,7/13/1991,409,405
203,keshav202,8,A,Female,xyz,xyz,167@gmail.com,9999999999,,,,,7/14/1991,409,405
204,keshav203,8,A,Female,xyz,xyz,167@gmail.com,9999999999,,,,,7/15/1991,409,405
205,keshav204,8,A,Female,xyz,xyz,167@gmail.com,9999999999,,,,,7/16/1991,409,405
206,keshav205,8,A,Female,xyz,xyz,167@gmail.com,9999999999,,,,,7/17/1991,409,405
207,keshav206,8,A,Female,xyz,xyz,167@gmail.com,9999999999,,,,,7/18/1991,409,405
208,keshav207,8,A,Female,xyz,xyz,167@gmail.com,9999999999,,,,,7/19/1991,409,405
209,keshav208,8,A,Female,xyz,xyz,167@gmail.com,9999999999,,,,,7/20/1991,409,405
210,keshav209,8,A,Female,xyz,xyz,167@gmail.com,9999999999,,,,,7/21/1991,409,405
211,keshav210,8,A,Female,xyz,xyz,167@gmail.com,9999999999,,,,,7/22/1991,409,405
212,keshav211,8,A,Female,xyz,xyz,167@gmail.com,9999999999,,,,,7/23/1991,409,405
213,keshav212,8,A,Female,xyz,xyz,167@gmail.com,9999999999,,,,,7/24/1991,409,405
214,keshav213,8,A,Female,xyz,xyz,167@gmail.com,9999999999,,,,,7/25/1991,409,405
215,keshav214,8,A,Female,xyz,xyz,167@gmail.com,9999999999,,,,,7/26/1991,409,405
216,keshav215,8,A,Female,xyz,xyz,167@gmail.com,9999999999,,,,,7/27/1991,409,405
217,keshav216,8,A,Female,xyz,xyz,167@gmail.com,9999999999,,,,,7/28/1991,409,405
218,keshav217,8,A,Female,xyz,xyz,167@gmail.com,9999999999,,,,,7/29/1991,409,405
219,keshav218,8,A,Female,xyz,xyz,167@gmail.com,9999999999,,,,,7/30/1991,409,405
220,keshav219,8,A,Female,xyz,xyz,167@gmail.com,9999999999,,,,,7/31/1991,409,405
221,keshav220,8,A,Female,xyz,xyz,167@gmail.com,9999999999,,,,,08-01-1991,409,405
222,keshav221,8,A,Female,xyz,xyz,167@gmail.com,9999999999,,,,,08-02-1991,409,405
223,keshav222,8,A,Female,xyz,xyz,167@gmail.com,9999999999,,,,,08-03-1991,409,405
224,keshav223,8,A,Female,xyz,xyz,167@gmail.com,9999999999,,,,,08-04-1991,409,405
225,keshav224,8,A,Female,xyz,xyz,167@gmail.com,9999999999,,,,,08-05-1991,409,405
226,keshav225,8,A,Female,xyz,xyz,167@gmail.com,9999999999,,,,,08-06-1991,409,405
227,keshav226,8,A,Female,xyz,xyz,167@gmail.com,9999999999,,,,,08-07-1991,409,405
228,keshav227,8,A,Female,xyz,xyz,167@gmail.com,9999999999,,,,,08-08-1991,409,405
229,keshav228,8,A,Female,xyz,xyz,167@gmail.com,9999999999,,,,,08-09-1991,409,405
230,keshav229,8,A,Female,xyz,xyz,167@gmail.com,9999999999,,,,,08-10-1991,409,405
231,keshav230,8,A,Female,xyz,xyz,167@gmail.com,9999999999,,,,,08-11-1991,409,405
232,keshav231,8,A,Female,xyz,xyz,167@gmail.com,9999999999,,,,,08-12-1991,409,405
233,keshav232,8,A,Female,xyz,xyz,167@gmail.com,9999999999,,,,,8/13/1991,409,405
234,keshav233,8,A,Female,xyz,xyz,167@gmail.com,9999999999,,,,,8/14/1991,409,405
235,keshav234,8,A,Female,xyz,xyz,167@gmail.com,9999999999,,,,,8/15/1991,409,405
236,keshav235,8,A,Female,xyz,xyz,167@gmail.com,9999999999,,,,,8/16/1991,409,405
237,keshav236,8,A,Female,xyz,xyz,167@gmail.com,9999999999,,,,,8/17/1991,409,405
238,keshav237,8,A,Female,xyz,xyz,167@gmail.com,9999999999,,,,,8/18/1991,409,405
239,keshav238,8,A,Female,xyz,xyz,167@gmail.com,9999999999,,,,,8/19/1991,409,405
240,keshav239,8,A,Female,xyz,xyz,167@gmail.com,9999999999,,,,,8/20/1991,409,405
241,keshav240,8,A,Female,xyz,xyz,167@gmail.com,9999999999,,,,,8/21/1991,409,405
242,keshav241,8,A,Female,xyz,xyz,167@gmail.com,9999999999,,,,,8/22/1991,409,405
243,keshav242,8,A,Female,xyz,xyz,167@gmail.com,9999999999,,,,,8/23/1991,409,405
244,keshav243,8,A,Female,xyz,xyz,167@gmail.com,9999999999,,,,,8/24/1991,409,405
245,keshav244,8,A,Female,xyz,xyz,167@gmail.com,9999999999,,,,,8/25/1991,409,405
246,keshav245,8,A,Female,xyz,xyz,167@gmail.com,9999999999,,,,,8/26/1991,409,405
247,keshav246,8,A,Female,xyz,xyz,167@gmail.com,9999999999,,,,,8/27/1991,409,405
248,keshav247,8,A,Female,xyz,xyz,167@gmail.com,9999999999,,,,,8/28/1991,409,405
249,keshav248,8,A,Female,xyz,xyz,167@gmail.com,9999999999,,,,,8/29/1991,409,405
250,keshav249,8,A,Female,xyz,xyz,167@gmail.com,9999999999,,,,,8/30/1991,409,405
251,keshav250,8,A,Female,xyz,xyz,167@gmail.com,9999999999,,,,,8/31/1991,409,405
252,keshav251,8,A,Female,xyz,xyz,167@gmail.com,9999999999,,,,,09-01-1991,409,405
253,keshav252,8,A,Female,xyz,xyz,167@gmail.com,9999999999,,,,,09-02-1991,409,405
254,keshav253,8,A,Female,xyz,xyz,167@gmail.com,9999999999,,,,,09-03-1991,409,405
255,keshav254,8,A,Female,xyz,xyz,167@gmail.com,9999999999,,,,,09-04-1991,409,405
256,keshav255,8,A,Female,xyz,xyz,167@gmail.com,9999999999,,,,,09-05-1991,409,405
257,keshav256,8,A,Female,xyz,xyz,167@gmail.com,9999999999,,,,,09-06-1991,409,405
258,keshav257,8,A,Female,xyz,xyz,167@gmail.com,9999999999,,,,,09-07-1991,409,405
259,keshav258,8,A,Female,xyz,xyz,167@gmail.com,9999999999,,,,,09-08-1991,409,405
260,keshav259,8,A,Female,xyz,xyz,167@gmail.com,9999999999,,,,,09-09-1991,409,405
261,keshav260,8,A,Female,xyz,xyz,167@gmail.com,9999999999,,,,,09-10-1991,409,405
262,keshav261,8,A,Female,xyz,xyz,167@gmail.com,9999999999,,,,,09-11-1991,409,405
263,keshav262,8,A,Female,xyz,xyz,167@gmail.com,9999999999,,,,,09-12-1991,409,405
264,keshav263,8,A,Female,xyz,xyz,167@gmail.com,9999999999,,,,,9/13/1991,409,405
265,keshav264,8,A,Female,xyz,xyz,167@gmail.com,9999999999,,,,,9/14/1991,409,405
266,keshav265,8,A,Female,xyz,xyz,167@gmail.com,9999999999,,,,,9/15/1991,409,405
267,keshav266,8,A,Female,xyz,xyz,167@gmail.com,9999999999,,,,,9/16/1991,409,405
268,keshav267,8,A,Female,xyz,xyz,167@gmail.com,9999999999,,,,,9/17/1991,409,405
269,keshav268,8,A,Female,xyz,xyz,167@gmail.com,9999999999,,,,,9/18/1991,409,405
270,keshav269,8,A,Female,xyz,xyz,167@gmail.com,9999999999,,,,,9/19/1991,409,405
271,keshav270,8,A,Female,xyz,xyz,167@gmail.com,9999999999,,,,,9/20/1991,409,405
272,keshav271,8,A,Female,xyz,xyz,167@gmail.com,9999999999,,,,,9/21/1991,409,405
273,keshav272,8,A,Female,xyz,xyz,167@gmail.com,9999999999,,,,,9/22/1991,409,405
274,keshav273,8,A,Female,xyz,xyz,167@gmail.com,9999999999,,,,,9/23/1991,409,405
275,keshav274,8,A,Female,xyz,xyz,167@gmail.com,9999999999,,,,,9/24/1991,409,405
276,keshav275,8,A,Female,xyz,xyz,167@gmail.com,9999999999,,,,,9/25/1991,409,405
277,keshav276,8,A,Female,xyz,xyz,167@gmail.com,9999999999,,,,,9/26/1991,409,405
278,keshav277,8,A,Female,xyz,xyz,167@gmail.com,9999999999,,,,,9/27/1991,409,405
279,keshav278,8,A,Female,xyz,xyz,167@gmail.com,9999999999,,,,,9/28/1991,409,405
280,keshav279,8,A,Female,xyz,xyz,167@gmail.com,9999999999,,,,,9/29/1991,409,405
281,keshav280,8,A,Female,xyz,xyz,167@gmail.com,9999999999,,,,,9/30/1991,409,405
282,keshav281,8,A,Female,xyz,xyz,167@gmail.com,9999999999,,,,,10-01-1991,409,405
283,keshav282,8,A,Female,xyz,xyz,167@gmail.com,9999999999,,,,,10-02-1991,409,405
284,keshav283,8,A,Female,xyz,xyz,167@gmail.com,9999999999,,,,,10-03-1991,409,405
285,keshav284,8,A,Female,xyz,xyz,167@gmail.com,9999999999,,,,,10-04-1991,409,405
286,keshav285,8,A,Female,xyz,xyz,167@gmail.com,9999999999,,,,,10-05-1991,409,405
287,keshav286,8,A,Female,xyz,xyz,167@gmail.com,9999999999,,,,,10-06-1991,409,405
288,keshav287,8,A,Female,xyz,xyz,167@gmail.com,9999999999,,,,,10-07-1991,409,405
289,keshav288,8,A,Female,xyz,xyz,167@gmail.com,9999999999,,,,,10-08-1991,409,405
290,keshav289,8,A,Female,xyz,xyz,167@gmail.com,9999999999,,,,,10-09-1991,409,405
291,keshav290,8,A,Female,xyz,xyz,167@gmail.com,9999999999,,,,,10-10-1991,409,405
292,keshav291,8,A,Female,xyz,xyz,167@gmail.com,9999999999,,,,,10-11-1991,409,405
293,keshav292,8,A,Female,xyz,xyz,167@gmail.com,9999999999,,,,,10-12-1991,409,405
294,keshav293,8,A,Female,xyz,xyz,167@gmail.com,9999999999,,,,,10/13/1991,409,405
295,keshav294,8,A,Female,xyz,xyz,167@gmail.com,9999999999,,,,,10/14/1991,409,405
296,keshav295,8,A,Female,xyz,xyz,167@gmail.com,9999999999,,,,,10/15/1991,409,405
297,keshav296,8,A,Female,xyz,xyz,167@gmail.com,9999999999,,,,,10/16/1991,409,405
298,keshav297,8,A,Female,xyz,xyz,167@gmail.com,9999999999,,,,,10/17/1991,409,405
299,keshav298,8,A,Female,xyz,xyz,167@gmail.com,9999999999,,,,,10/18/1991,409,405
300,keshav299,8,A,Female,xyz,xyz,167@gmail.com,9999999999,,,,,10/19/1991,409,405
301,keshav300,8,A,Female,xyz,xyz,167@gmail.com,9999999999,,,,,10/20/1991,409,405
302,keshav301,8,A,Female,xyz,xyz,167@gmail.com,9999999999,,,,,10/21/1991,409,405
303,keshav302,8,A,Female,xyz,xyz,167@gmail.com,9999999999,,,,,10/22/1991,409,405
304,keshav303,8,A,Female,xyz,xyz,167@gmail.com,9999999999,,,,,10/23/1991,409,405
305,keshav304,8,A,Female,xyz,xyz,167@gmail.com,9999999999,,,,,10/24/1991,409,405
306,keshav305,8,A,Female,xyz,xyz,167@gmail.com,9999999999,,,,,10/25/1991,409,405
307,keshav306,8,A,Female,xyz,xyz,167@gmail.com,9999999999,,,,,10/26/1991,409,405
308,keshav307,8,A,Female,xyz,xyz,167@gmail.com,9999999999,,,,,10/27/1991,409,405
309,keshav308,8,A,Female,xyz,xyz,167@gmail.com,9999999999,,,,,10/28/1991,409,405
310,keshav309,8,A,Female,xyz,xyz,167@gmail.com,9999999999,,,,,10/29/1991,409,405
311,keshav310,8,A,Female,xyz,xyz,167@gmail.com,9999999999,,,,,10/30/1991,409,405
312,keshav311,8,A,Female,xyz,xyz,167@gmail.com,9999999999,,,,,10/31/1991,409,405
313,keshav312,8,A,Female,xyz,xyz,167@gmail.com,9999999999,,,,,11-01-1991,409,405
314,keshav313,8,A,Female,xyz,xyz,167@gmail.com,9999999999,,,,,11-02-1991,409,405
315,keshav314,8,A,Female,xyz,xyz,167@gmail.com,9999999999,,,,,11-03-1991,409,405
316,keshav315,8,A,Female,xyz,xyz,167@gmail.com,9999999999,,,,,11-04-1991,409,405
317,keshav316,8,A,Female,xyz,xyz,167@gmail.com,9999999999,,,,,11-05-1991,409,405
318,keshav317,8,A,Female,xyz,xyz,167@gmail.com,9999999999,,,,,11-06-1991,409,405
319,keshav318,8,A,Female,xyz,xyz,167@gmail.com,9999999999,,,,,11-07-1991,409,405
320,keshav319,8,A,Female,xyz,xyz,167@gmail.com,9999999999,,,,,11-08-1991,409,405
321,keshav320,8,A,Female,xyz,xyz,167@gmail.com,9999999999,,,,,11-09-1991,409,405
322,keshav321,8,A,Female,xyz,xyz,167@gmail.com,9999999999,,,,,11-10-1991,409,405
323,keshav322,8,A,Female,xyz,xyz,167@gmail.com,9999999999,,,,,11-11-1991,409,405
324,keshav323,8,A,Female,xyz,xyz,167@gmail.com,9999999999,,,,,11-12-1991,409,405
325,keshav324,8,A,Female,xyz,xyz,167@gmail.com,9999999999,,,,,11/13/1991,409,405
326,keshav325,8,A,Female,xyz,xyz,167@gmail.com,9999999999,,,,,11/14/1991,409,405
327,keshav326,8,A,Female,xyz,xyz,167@gmail.com,9999999999,,,,,11/15/1991,409,405
328,keshav327,8,A,Female,xyz,xyz,167@gmail.com,9999999999,,,,,11/16/1991,409,405
329,keshav328,8,A,Female,xyz,xyz,167@gmail.com,9999999999,,,,,11/17/1991,409,405
330,keshav329,8,A,Female,xyz,xyz,167@gmail.com,9999999999,,,,,11/18/1991,409,405
331,keshav330,8,A,Female,xyz,xyz,167@gmail.com,9999999999,,,,,11/19/1991,409,405
332,keshav331,8,A,Female,xyz,xyz,167@gmail.com,9999999999,,,,,11/20/1991,409,405
333,keshav332,8,A,Female,xyz,xyz,167@gmail.com,9999999999,,,,,11/21/1991,409,405
334,keshav333,8,A,Female,xyz,xyz,167@gmail.com,9999999999,,,,,11/22/1991,409,405
335,keshav334,8,A,Female,xyz,xyz,167@gmail.com,9999999999,,,,,11/23/1991,409,405
336,keshav335,8,A,Female,xyz,xyz,167@gmail.com,9999999999,,,,,11/24/1991,409,405
337,keshav336,8,A,Female,xyz,xyz,167@gmail.com,9999999999,,,,,11/25/1991,409,405
338,keshav337,8,A,Female,xyz,xyz,167@gmail.com,9999999999,,,,,11/26/1991,409,405
339,keshav338,8,A,Female,xyz,xyz,167@gmail.com,9999999999,,,,,11/27/1991,409,405
340,keshav339,8,A,Female,xyz,xyz,167@gmail.com,9999999999,,,,,11/28/1991,409,405
341,keshav340,8,A,Female,xyz,xyz,167@gmail.com,9999999999,,,,,11/29/1991,409,405
342,keshav341,8,A,Female,xyz,xyz,167@gmail.com,9999999999,,,,,11/30/1991,409,405
343,keshav342,8,A,Female,xyz,xyz,167@gmail.com,9999999999,,,,,12-01-1991,409,405
344,keshav343,8,A,Female,xyz,xyz,167@gmail.com,9999999999,,,,,12-02-1991,409,405
345,keshav344,8,A,Female,xyz,xyz,167@gmail.com,9999999999,,,,,12-03-1991,409,405
346,keshav345,8,A,Female,xyz,xyz,167@gmail.com,9999999999,,,,,12-04-1991,409,405
347,keshav346,8,A,Female,xyz,xyz,167@gmail.com,9999999999,,,,,12-05-1991,409,405
348,keshav347,8,A,Female,xyz,xyz,167@gmail.com,9999999999,,,,,12-06-1991,409,405
349,keshav348,8,A,Female,xyz,xyz,167@gmail.com,9999999999,,,,,12-07-1991,409,405
350,keshav349,8,A,Female,xyz,xyz,167@gmail.com,9999999999,,,,,12-08-1991,409,405
351,keshav350,8,A,Female,xyz,xyz,167@gmail.com,9999999999,,,,,12-09-1991,409,405
352,keshav351,8,A,Female,xyz,xyz,167@gmail.com,9999999999,,,,,12-10-1991,409,405
353,keshav352,8,A,Female,xyz,xyz,167@gmail.com,9999999999,,,,,12-11-1991,409,405
354,keshav353,8,A,Female,xyz,xyz,167@gmail.com,9999999999,,,,,12-12-1991,409,405
355,keshav354,8,A,Female,xyz,xyz,167@gmail.com,9999999999,,,,,12/13/1991,409,405
356,keshav355,8,A,Female,xyz,xyz,167@gmail.com,9999999999,,,,,12/14/1991,409,405
357,keshav356,8,A,Female,xyz,xyz,167@gmail.com,9999999999,,,,,12/15/1991,409,405
358,keshav357,8,A,Female,xyz,xyz,167@gmail.com,9999999999,,,,,12/16/1991,409,405
359,keshav358,8,A,Female,xyz,xyz,167@gmail.com,9999999999,,,,,12/17/1991,409,405
360,keshav359,8,A,Female,xyz,xyz,167@gmail.com,9999999999,,,,,12/18/1991,409,405
361,keshav360,8,A,Female,xyz,xyz,167@gmail.com,9999999999,,,,,12/19/1991,409,405
362,keshav361,8,A,Female,xyz,xyz,167@gmail.com,9999999999,,,,,12/20/1991,409,405
363,keshav362,8,A,Female,xyz,xyz,167@gmail.com,9999999999,,,,,12/21/1991,409,405
364,keshav363,8,A,Female,xyz,xyz,167@gmail.com,9999999999,,,,,12/22/1991,409,405
365,keshav364,8,A,Female,xyz,xyz,167@gmail.com,9999999999,,,,,12/23/1991,409,405
366,keshav365,8,A,Female,xyz,xyz,167@gmail.com,9999999999,,,,,12/24/1991,409,405
367,keshav366,8,A,Female,xyz,xyz,167@gmail.com,9999999999,,,,,12/25/1991,409,405
368,keshav367,8,A,Female,xyz,xyz,167@gmail.com,9999999999,,,,,12/26/1991,409,405
369,keshav368,8,A,Female,xyz,xyz,167@gmail.com,9999999999,,,,,12/27/1991,409,405
370,keshav369,8,A,Female,xyz,xyz,167@gmail.com,9999999999,,,,,12/28/1991,409,405
371,keshav370,8,A,Female,xyz,xyz,167@gmail.com,9999999999,,,,,12/29/1991,409,405
372,keshav371,8,A,Female,xyz,xyz,167@gmail.com,9999999999,,,,,12/30/1991,409,405
373,keshav372,8,A,Female,xyz,xyz,167@gmail.com,9999999999,,,,,12/31/1991,409,405
374,keshav373,8,A,Female,xyz,xyz,167@gmail.com,9999999999,,,,,01-01-1992,409,405
375,keshav374,8,A,Female,xyz,xyz,167@gmail.com,9999999999,,,,,01-02-1992,409,405
376,keshav375,8,A,Female,xyz,xyz,167@gmail.com,9999999999,,,,,01-03-1992,409,405
377,keshav376,8,A,Female,xyz,xyz,167@gmail.com,9999999999,,,,,01-04-1992,409,405
378,keshav377,8,A,Female,xyz,xyz,167@gmail.com,9999999999,,,,,01-05-1992,409,405
379,keshav378,8,A,Female,xyz,xyz,167@gmail.com,9999999999,,,,,01-06-1992,409,405
380,keshav379,8,A,Female,xyz,xyz,167@gmail.com,9999999999,,,,,01-07-1992,409,405
381,keshav380,8,A,Female,xyz,xyz,167@gmail.com,9999999999,,,,,01-08-1992,409,405
382,keshav381,8,A,Female,xyz,xyz,167@gmail.com,9999999999,,,,,01-09-1992,409,405
383,keshav382,8,A,Female,xyz,xyz,167@gmail.com,9999999999,,,,,01-10-1992,409,405
384,keshav383,8,A,Female,xyz,xyz,167@gmail.com,9999999999,,,,,01-11-1992,409,405
385,keshav384,8,A,Female,xyz,xyz,167@gmail.com,9999999999,,,,,01-12-1992,409,405
386,keshav385,8,A,Female,xyz,xyz,167@gmail.com,9999999999,,,,,1/13/1992,409,405
387,keshav386,8,A,Female,xyz,xyz,167@gmail.com,9999999999,,,,,1/14/1992,409,405
388,keshav387,8,A,Female,xyz,xyz,167@gmail.com,9999999999,,,,,1/15/1992,409,405
389,keshav388,8,A,Female,xyz,xyz,167@gmail.com,9999999999,,,,,1/16/1992,409,405
390,keshav389,8,A,Female,xyz,xyz,167@gmail.com,9999999999,,,,,1/17/1992,409,405
391,keshav390,8,A,Female,xyz,xyz,167@gmail.com,9999999999,,,,,1/18/1992,409,405
392,keshav391,8,A,Female,xyz,xyz,167@gmail.com,9999999999,,,,,1/19/1992,409,405
393,keshav392,8,A,Female,xyz,xyz,167@gmail.com,9999999999,,,,,1/20/1992,409,405
394,keshav393,8,A,Female,xyz,xyz,167@gmail.com,9999999999,,,,,1/21/1992,409,405
395,keshav394,8,A,Female,xyz,xyz,167@gmail.com,9999999999,,,,,1/22/1992,409,405
396,keshav395,8,A,Female,xyz,xyz,167@gmail.com,9999999999,,,,,1/23/1992,409,405
397,keshav396,8,A,Female,xyz,xyz,167@gmail.com,9999999999,,,,,1/24/1992,409,405
398,keshav397,8,A,Female,xyz,xyz,167@gmail.com,9999999999,,,,,1/25/1992,409,405
399,keshav398,8,A,Female,xyz,xyz,167@gmail.com,9999999999,,,,,1/26/1992,409,405
400,keshav399,8,A,Female,xyz,xyz,167@gmail.com,9999999999,,,,,1/27/1992,409,405
401,keshav400,8,A,Female,xyz,xyz,167@gmail.com,9999999999,,,,,1/28/1992,409,405
402,keshav401,8,A,Female,xyz,xyz,167@gmail.com,9999999999,,,,,1/29/1992,409,405
403,keshav402,8,A,Female,xyz,xyz,167@gmail.com,9999999999,,,,,1/30/1992,409,405
404,keshav403,8,A,Female,xyz,xyz,167@gmail.com,9999999999,,,,,1/31/1992,409,405
405,keshav404,8,A,Female,xyz,xyz,167@gmail.com,9999999999,,,,,02-01-1992,409,405
406,keshav405,8,A,Female,xyz,xyz,167@gmail.com,9999999999,,,,,02-02-1992,409,405
407,keshav406,8,A,Female,xyz,xyz,167@gmail.com,9999999999,,,,,02-03-1992,409,405
408,keshav407,8,A,Female,xyz,xyz,167@gmail.com,9999999999,,,,,02-04-1992,409,405
409,keshav408,8,A,Female,xyz,xyz,167@gmail.com,9999999999,,,,,02-05-1992,409,405
410,keshav409,8,A,Female,xyz,xyz,167@gmail.com,9999999999,,,,,02-06-1992,409,405
411,keshav410,8,A,Female,xyz,xyz,167@gmail.com,9999999999,,,,,02-07-1992,409,405
412,keshav411,8,A,Female,xyz,xyz,167@gmail.com,9999999999,,,,,02-08-1992,409,405
413,keshav412,8,A,Female,xyz,xyz,167@gmail.com,9999999999,,,,,02-09-1992,409,405
414,keshav413,8,A,Female,xyz,xyz,167@gmail.com,9999999999,,,,,02-10-1992,409,405
415,keshav414,8,A,Female,xyz,xyz,167@gmail.com,9999999999,,,,,02-11-1992,409,405
416,keshav415,8,A,Female,xyz,xyz,167@gmail.com,9999999999,,,,,02-12-1992,409,405
417,keshav416,8,A,Female,xyz,xyz,167@gmail.com,9999999999,,,,,2/13/1992,409,405
418,keshav417,8,A,Female,xyz,xyz,167@gmail.com,9999999999,,,,,2/14/1992,409,405
419,keshav418,8,A,Female,xyz,xyz,167@gmail.com,9999999999,,,,,2/15/1992,409,405
420,keshav419,8,A,Female,xyz,xyz,167@gmail.com,9999999999,,,,,2/16/1992,409,405
421,keshav420,8,A,Female,xyz,xyz,167@gmail.com,9999999999,,,,,2/17/1992,409,405
422,keshav421,8,A,Female,xyz,xyz,167@gmail.com,9999999999,,,,,2/18/1992,409,405
423,keshav422,8,A,Female,xyz,xyz,167@gmail.com,9999999999,,,,,2/19/1992,409,405
424,keshav423,8,A,Female,xyz,xyz,167@gmail.com,9999999999,,,,,2/20/1992,409,405
425,keshav424,8,A,Female,xyz,xyz,167@gmail.com,9999999999,,,,,2/21/1992,409,405
426,keshav425,8,A,Female,xyz,xyz,167@gmail.com,9999999999,,,,,2/22/1992,409,405
427,keshav426,8,A,Female,xyz,xyz,167@gmail.com,9999999999,,,,,2/23/1992,409,405
428,keshav427,8,A,Female,xyz,xyz,167@gmail.com,9999999999,,,,,2/24/1992,409,405
429,keshav428,8,A,Female,xyz,xyz,167@gmail.com,9999999999,,,,,2/25/1992,409,405
430,keshav429,8,A,Female,xyz,xyz,167@gmail.com,9999999999,,,,,2/26/1992,409,405
431,keshav430,8,A,Female,xyz,xyz,167@gmail.com,9999999999,,,,,2/27/1992,409,405
432,keshav431,8,A,Female,xyz,xyz,167@gmail.com,9999999999,,,,,2/28/1992,409,405
433,keshav432,8,A,Female,xyz,xyz,167@gmail.com,9999999999,,,,,2/29/1992,409,405
434,keshav433,8,A,Female,xyz,xyz,167@gmail.com,9999999999,,,,,03-01-1992,409,405
435,keshav434,8,A,Female,xyz,xyz,167@gmail.com,9999999999,,,,,03-02-1992,409,405
436,keshav435,8,A,Female,xyz,xyz,167@gmail.com,9999999999,,,,,03-03-1992,409,405
437,keshav436,8,A,Female,xyz,xyz,167@gmail.com,9999999999,,,,,03-04-1992,409,405
438,keshav437,8,A,Female,xyz,xyz,167@gmail.com,9999999999,,,,,03-05-1992,409,405
439,keshav438,8,A,Female,xyz,xyz,167@gmail.com,9999999999,,,,,03-06-1992,409,405
440,keshav439,8,A,Female,xyz,xyz,167@gmail.com,9999999999,,,,,03-07-1992,409,405
441,keshav440,8,A,Female,xyz,xyz,167@gmail.com,9999999999,,,,,03-08-1992,409,405
442,keshav441,8,A,Female,xyz,xyz,167@gmail.com,9999999999,,,,,03-09-1992,409,405
443,keshav442,8,A,Female,xyz,xyz,167@gmail.com,9999999999,,,,,03-10-1992,409,405
444,keshav443,8,A,Female,xyz,xyz,167@gmail.com,9999999999,,,,,03-11-1992,409,405
445,keshav444,8,A,Female,xyz,xyz,167@gmail.com,9999999999,,,,,03-12-1992,409,405
446,keshav445,8,A,Female,xyz,xyz,167@gmail.com,9999999999,,,,,3/13/1992,409,405
447,keshav446,8,A,Female,xyz,xyz,167@gmail.com,9999999999,,,,,3/14/1992,409,405
448,keshav447,8,A,Female,xyz,xyz,167@gmail.com,9999999999,,,,,3/15/1992,409,405
449,keshav448,8,A,Female,xyz,xyz,167@gmail.com,9999999999,,,,,3/16/1992,409,405
450,keshav449,8,A,Female,xyz,xyz,167@gmail.com,9999999999,,,,,3/17/1992,409,405
451,keshav450,8,A,Female,xyz,xyz,167@gmail.com,9999999999,,,,,3/18/1992,409,405
452,keshav451,8,A,Female,xyz,xyz,167@gmail.com,9999999999,,,,,3/19/1992,409,405
453,keshav452,8,A,Female,xyz,xyz,167@gmail.com,9999999999,,,,,3/20/1992,409,405
454,keshav453,8,A,Female,xyz,xyz,167@gmail.com,9999999999,,,,,3/21/1992,409,405
455,keshav454,8,A,Female,xyz,xyz,167@gmail.com,9999999999,,,,,3/22/1992,409,405
456,keshav455,8,A,Female,xyz,xyz,167@gmail.com,9999999999,,,,,3/23/1992,409,405
457,keshav456,8,A,Female,xyz,xyz,167@gmail.com,9999999999,,,,,3/24/1992,409,405
458,keshav457,8,A,Female,xyz,xyz,167@gmail.com,9999999999,,,,,3/25/1992,409,405
459,keshav458,8,A,Female,xyz,xyz,167@gmail.com,9999999999,,,,,3/26/1992,409,405
460,keshav459,8,A,Female,xyz,xyz,167@gmail.com,9999999999,,,,,3/27/1992,409,405
461,keshav460,8,A,Female,xyz,xyz,167@gmail.com,9999999999,,,,,3/28/1992,409,405
462,keshav461,8,A,Female,xyz,xyz,167@gmail.com,9999999999,,,,,3/29/1992,409,405
463,keshav462,8,A,Female,xyz,xyz,167@gmail.com,9999999999,,,,,3/30/1992,409,405
464,keshav463,8,A,Female,xyz,xyz,167@gmail.com,9999999999,,,,,3/31/1992,409,405
465,keshav464,8,A,Female,xyz,xyz,167@gmail.com,9999999999,,,,,04-01-1992,409,405
466,keshav465,8,A,Female,xyz,xyz,167@gmail.com,9999999999,,,,,04-02-1992,409,405
467,keshav466,8,A,Female,xyz,xyz,167@gmail.com,9999999999,,,,,04-03-1992,409,405
468,keshav467,8,A,Female,xyz,xyz,167@gmail.com,9999999999,,,,,04-04-1992,409,405
469,keshav468,8,A,Female,xyz,xyz,167@gmail.com,9999999999,,,,,04-05-1992,409,405
470,keshav469,8,A,Female,xyz,xyz,167@gmail.com,9999999999,,,,,04-06-1992,409,405
471,keshav470,8,A,Female,xyz,xyz,167@gmail.com,9999999999,,,,,04-07-1992,409,405
472,keshav471,8,A,Female,xyz,xyz,167@gmail.com,9999999999,,,,,04-08-1992,409,405
473,keshav472,8,A,Female,xyz,xyz,167@gmail.com,9999999999,,,,,04-09-1992,409,405
474,keshav473,8,A,Female,xyz,xyz,167@gmail.com,9999999999,,,,,04-10-1992,409,405
475,keshav474,8,A,Female,xyz,xyz,167@gmail.com,9999999999,,,,,04-11-1992,409,405
476,keshav475,8,A,Female,xyz,xyz,167@gmail.com,9999999999,,,,,04-12-1992,409,405
477,keshav476,8,A,Female,xyz,xyz,167@gmail.com,9999999999,,,,,4/13/1992,409,405
478,keshav477,8,A,Female,xyz,xyz,167@gmail.com,9999999999,,,,,4/14/1992,409,405
479,keshav478,8,A,Female,xyz,xyz,167@gmail.com,9999999999,,,,,4/15/1992,409,405
480,keshav479,8,A,Female,xyz,xyz,167@gmail.com,9999999999,,,,,4/16/1992,409,405
481,keshav480,8,A,Female,xyz,xyz,167@gmail.com,9999999999,,,,,4/17/1992,409,405
482,keshav481,8,A,Female,xyz,xyz,167@gmail.com,9999999999,,,,,4/18/1992,409,405
483,keshav482,8,A,Female,xyz,xyz,167@gmail.com,9999999999,,,,,4/19/1992,409,405
484,keshav483,8,A,Female,xyz,xyz,167@gmail.com,9999999999,,,,,4/20/1992,409,405
485,keshav484,8,A,Female,xyz,xyz,167@gmail.com,9999999999,,,,,4/21/1992,409,405
486,keshav485,8,A,Female,xyz,xyz,167@gmail.com,9999999999,,,,,4/22/1992,409,405
487,keshav486,8,A,Female,xyz,xyz,167@gmail.com,9999999999,,,,,4/23/1992,409,405
488,keshav487,8,A,Female,xyz,xyz,167@gmail.com,9999999999,,,,,4/24/1992,409,405
489,keshav488,8,A,Female,xyz,xyz,167@gmail.com,9999999999,,,,,4/25/1992,409,405
490,keshav489,8,A,Female,xyz,xyz,167@gmail.com,9999999999,,,,,4/26/1992,409,405
491,keshav490,8,A,Female,xyz,xyz,167@gmail.com,9999999999,,,,,4/27/1992,409,405
492,keshav491,8,A,Female,xyz,xyz,167@gmail.com,9999999999,,,,,4/28/1992,409,405
493,keshav492,8,A,Female,xyz,xyz,167@gmail.com,9999999999,,,,,4/29/1992,409,405
494,keshav493,8,A,Female,xyz,xyz,167@gmail.com,9999999999,,,,,4/30/1992,409,405
495,keshav494,8,A,Female,xyz,xyz,167@gmail.com,9999999999,,,,,05-01-1992,409,405
496,keshav495,8,A,Female,xyz,xyz,167@gmail.com,9999999999,,,,,05-02-1992,409,405
497,keshav496,8,A,Female,xyz,xyz,167@gmail.com,9999999999,,,,,05-03-1992,409,405
498,keshav497,8,A,Female,xyz,xyz,167@gmail.com,9999999999,,,,,05-04-1992,409,405
499,keshav498,8,A,Female,xyz,xyz,167@gmail.com,9999999999,,,,,05-05-1992,409,405
500,keshav499,8,A,Female,xyz,xyz,167@gmail.com,9999999999,,,,,05-06-1992,409,405
